solution_group,solution_priority_action_area,solution_name,state,annual_tons_diversion_potential,annual_mtco2e_reduction_potential,annual_gallons_water_savings_potential,annual_meal_equivalents_diverted,jobs_created,annual_us_dollars_cost,annual_us_dollars_gross_financial_benefit,annual_us_dollars_net_financial_benefit
Prevention,Reshape Consumer Environments,Standardized Date Labels,Alabama,19129.96373620294,138320.74040807402,0,31883272.893671565,0,262629.7591189044,89978084.27940011,89715454.52028121
Prevention,Reshape Consumer Environments,Standardized Date Labels,Alaska,2484.3370546554506,17903.441434876444,0,4140561.7577590845,0,34081.15120343996,11646471.776440198,11612390.625236757
Prevention,Reshape Consumer Environments,Standardized Date Labels,Arizona,32213.823837744127,233264.84849146832,0,53689706.39624022,0,441864.36686677847,150929479.31223828,150487614.9453715
Prevention,Reshape Consumer Environments,Standardized Date Labels,Arkansas,15852.895248119397,107330.64404878218,0,26421492.080198996,0,216723.95066296632,73181501.23,72964777.27510443
Prevention,Reshape Consumer Environments,Standardized Date Labels,California,113417.08254454996,790786.2252722331,0,189028470.90758327,0,1550293.0003813177,523226112.4794152,521675819.4790339
Prevention,Reshape Consumer Environments,Standardized Date Labels,Colorado,26272.208934284336,185388.02742457754,0,43787014.890473895,0,360230.34397068125,122887420.71151526,122527190.36754459
Prevention,Reshape Consumer Environments,Standardized Date Labels,Connecticut,12981.940064400796,91733.66751004108,0,21636566.77400133,0,178133.92131330125,60922769.53356596,60744635.61225266
Prevention,Reshape Consumer Environments,Standardized Date Labels,Delaware,3990.4158307615608,29707.97062108298,0,6650693.051269269,0,54730.32540085501,18689046.627846785,18634316.30244593
Prevention,Reshape Consumer Environments,Standardized Date Labels,Florida,94500.84302530135,687969.8057241444,0,157501405.0421689,0,1295865.9787230392,442208043.52014387,440912177.54142076
Prevention,Reshape Consumer Environments,Standardized Date Labels,Georgia,42386.27086,304030.50426462956,0,70643784.77223016,0,580488.2611212089,197219542.7,196639054.4518308
Prevention,Reshape Consumer Environments,Standardized Date Labels,Hawaii,3184.7920198918578,22997.549951566714,0,5307986.699819762,0,43487.78430740819,14624440.32298217,14580952.538674762
Prevention,Reshape Consumer Environments,Standardized Date Labels,Idaho,5510.275057505688,36779.15332203486,0,9183791.762509478,0,75555.11269104817,25775942.230693724,25700387.118002675
Prevention,Reshape Consumer Environments,Standardized Date Labels,Illinois,49098.38564179767,322828.27766070614,0,81830642.73632945,0,670076.2070595201,224923743.2887272,224253667.0816677
Prevention,Reshape Consumer Environments,Standardized Date Labels,Indiana,31557.772550377744,211230.4400784558,0,52596287.58396291,0,432245.0850212655,146918884.57298106,146486639.4879598
Prevention,Reshape Consumer Environments,Standardized Date Labels,Iowa,19106.12938926833,119722.8433024724,0,31843548.982113887,0,259571.89783864794,85743114.82093851,85483542.92309986
Prevention,Reshape Consumer Environments,Standardized Date Labels,Kansas,13517.734183826782,95889.18374242452,0,22529556.973044638,0,184798.41380110613,62399171.26959058,62214372.85578947
Prevention,Reshape Consumer Environments,Standardized Date Labels,Kentucky,20605.32168771309,143116.40716060394,0,34342202.812855154,0,282727.5002442479,96680372.46412295,96397644.96
Prevention,Reshape Consumer Environments,Standardized Date Labels,Louisiana,20481.078038242933,145725.6539184942,0,34135130.06373822,0,280091.4004530503,94691235.08644985,94411143.69
Prevention,Reshape Consumer Environments,Standardized Date Labels,Maine,6675.770085254885,46845.06551250357,0,11126283.47542481,0,91637.06870190501,31380482.204313047,31288845.135611143
Prevention,Reshape Consumer Environments,Standardized Date Labels,Maryland,21102.780649522712,151901.3847,0,35171301.08253786,0,289256.3056758631,98566219.24050324,98276962.93482737
Prevention,Reshape Consumer Environments,Standardized Date Labels,Massachusetts,28329.694210944108,198053.21259657937,0,47216157.01824018,0,388339.9796,132358005.5558197,131969665.57622446
Prevention,Reshape Consumer Environments,Standardized Date Labels,Michigan,38465.97271885752,261467.0020415105,0,64109954.53,0,527504.3151,180043645.8116699,179516141.49660447
Prevention,Reshape Consumer Environments,Standardized Date Labels,Minnesota,22114.590699874152,140173.82293849898,0,36857651.16645692,0,301923.4004535513,101477599.97829022,101175676.57783666
Prevention,Reshape Consumer Environments,Standardized Date Labels,Mississippi,11771.421929805976,86574.16967150384,0,19619036.549676627,0,161376.88184174485,55020440.21903326,54859063.33719152
Prevention,Reshape Consumer Environments,Standardized Date Labels,Missouri,25975.797242406563,175745.69591253693,0,43292995.40401094,0,355215.29499243124,120065381.89410897,119710166.59911653
Prevention,Reshape Consumer Environments,Standardized Date Labels,Montana,3110.896260117881,21581.046982812946,0,5184827.100196468,0,42679.09709970735,14587607.056815013,14544927.959715305
Prevention,Reshape Consumer Environments,Standardized Date Labels,Nebraska,9960.865651623353,71232.43553147608,0,16601442.752705587,0,135650.44791760988,45191150.44476079,45055499.99684319
Prevention,Reshape Consumer Environments,Standardized Date Labels,Nevada,12721.924736350624,93677.95657419504,0,21203207.893917706,0,174016.0362391194,58872069.59378706,58698053.55754794
Prevention,Reshape Consumer Environments,Standardized Date Labels,New Hampshire,8280.357749,58395.50896988743,0,13800596.24864992,0,113713.49021127773,38999403.10715488,38885689.62
Prevention,Reshape Consumer Environments,Standardized Date Labels,New Jersey,31400.04279,223883.09226643585,0,52333404.644273505,0,430133.06308845966,146257632.95591986,145827499.8928314
Prevention,Reshape Consumer Environments,Standardized Date Labels,New Mexico,8716.930546829675,63519.70691966579,0,14528217.578049459,0,119500.52733620079,40740978.30581232,40621477.77847612
Prevention,Reshape Consumer Environments,Standardized Date Labels,New York,50086.92446075874,353169.1263957921,0,83478207.43,0,686416.7969,233754463.6520374,233068046.85513073
Prevention,Reshape Consumer Environments,Standardized Date Labels,North Carolina,45995.42357856743,334214.39849374164,0,76659039.29761238,0,630214.6699648267,214463083.2321294,213832868.56216457
Prevention,Reshape Consumer Environments,Standardized Date Labels,North Dakota,4164.328310521307,24108.37076947019,0,6940547.184202177,0,56637.960768821584,18782381.078277204,18725743.11750838
Prevention,Reshape Consumer Environments,Standardized Date Labels,Ohio,47888.09834372813,326400.2822895338,0,79813497.24,0,655824.7827,222800815.75794885,222144990.9752769
Prevention,Reshape Consumer Environments,Standardized Date Labels,Oklahoma,15562.70960843842,110570.39921204293,0,25937849.34739737,0,213112.8706719549,72379472.78976384,72166359.91909188
Prevention,Reshape Consumer Environments,Standardized Date Labels,Oregon,13475.416514097578,89494.52109499481,0,22459027.523495965,0,184553.36200115422,62707310.876179874,62522757.51417872
Prevention,Reshape Consumer Environments,Standardized Date Labels,Pennsylvania,46457.47897023769,323359.65657054796,0,77429131.61706282,0,636515.5251626506,216572093.5545716,215935578.02940896
Prevention,Reshape Consumer Environments,Standardized Date Labels,Rhode Island,3462.6784116273034,24615.02148716921,0,5771130.686045506,0,47493.01194,16218664.856530555,16171171.844590185
Prevention,Reshape Consumer Environments,Standardized Date Labels,South Carolina,22002.20324916744,161567.3523612859,0,36670338.748612404,0,301724.3093536819,102977985.33842339,102676261.0290697
Prevention,Reshape Consumer Environments,Standardized Date Labels,South Dakota,3726.430371810963,26933.948638467158,0,6210717.286351605,0,51122.29128,17471765.16538234,17420642.874100193
Prevention,Reshape Consumer Environments,Standardized Date Labels,Tennessee,31230.219635729827,216774.94071256745,0,52050366.05954972,0,427650.29398399434,145230402.7538512,144802752.4598672
Prevention,Reshape Consumer Environments,Standardized Date Labels,Texas,89762.33911,649364.2931193941,0,149603898.51509336,0,1226946.701666307,414083758.32181686,412856811.62015057
Prevention,Reshape Consumer Environments,Standardized Date Labels,Utah,11055.426144319124,73043.55330837339,0,18425710.240531877,0,151699.5271034699,51882760.88313793,51731061.35603445
Prevention,Reshape Consumer Environments,Standardized Date Labels,Vermont,2343.2095795688833,16617.998763560972,0,3905349.2992814723,0,32089.979292074448,10901637.629852721,10869547.650560647
Prevention,Reshape Consumer Environments,Standardized Date Labels,Virginia,36445.396193889144,263702.08308392746,0,60742326.98981525,0,499569.8254615685,170246050.83729002,169746481.01182845
Prevention,Reshape Consumer Environments,Standardized Date Labels,Washington,23625.635501262765,159870.80950447367,0,39376059.168771274,0,323706.13778043375,110152104.78762794,109828398.6498475
Prevention,Reshape Consumer Environments,Standardized Date Labels,West Virginia,7218.852905278136,50277.09183988666,0,12031421.508796895,0,99278.12998002306,34214555.78915235,34115277.65917233
Prevention,Reshape Consumer Environments,Standardized Date Labels,Wisconsin,21313.786827762626,145862.968,0,35522978.04627105,0,291612.46629892284,98742341.24480033,98450728.77850139
Prevention,Reshape Consumer Environments,Standardized Date Labels,Wyoming,2574.5928712540185,18249.698568804084,0,4290988.1187566975,0,35382.168379527415,12164482.917404693,12129100.749025166
Recycling,Recycle Anything Remaining,Centralized Anaerobic Digestion,Alabama,106177.3262491489,89262.00079674626,0,0,108.93793673162673,25675538.56215051,23682813.751779146,-1992724.81
Recycling,Recycle Anything Remaining,Centralized Anaerobic Digestion,Alaska,13914.388113329982,11466.857329532808,0,0,14.276162204276542,3364742.9370580553,3103599.1750696874,-261143.762
Recycling,Recycle Anything Remaining,Centralized Anaerobic Digestion,Arizona,179793.9847785551,137042.67067337717,0,0,184.4686283827975,43477336.946611024,40102982.48807963,-3374354.459
Recycling,Recycle Anything Remaining,Centralized Anaerobic Digestion,Arkansas,83662.27329133413,78405.9095,0,0,85.83749239690879,20231004.113329165,18660839.43157304,-1570164.682
Recycling,Recycle Anything Remaining,Centralized Anaerobic Digestion,California,772237.5263,567240.2233664156,0,0,792.3157019898155,186740569.63234973,172247297.55127925,-14493272.08
Recycling,Recycle Anything Remaining,Centralized Anaerobic Digestion,Colorado,150887.03647635828,120143.12542155602,0,0,154.81009942474356,36487130.17,33655298.25117576,-2831831.915
Recycling,Recycle Anything Remaining,Centralized Anaerobic Digestion,Connecticut,73991.86734737387,56780.53487965135,0,0,75.91565589840556,17892530.45330148,16503858.925796323,-1388671.528
Recycling,Recycle Anything Remaining,Centralized Anaerobic Digestion,Delaware,22594.01106778671,18005.733876102637,0,0,23.18145535554914,5463627.903789517,5039585.897731329,-424042.0061
Recycling,Recycle Anything Remaining,Centralized Anaerobic Digestion,Florida,580158.3966649747,442415.7224,0,0,595.2425149782641,140292469.32413098,129404117.99885139,-10888351.33
Recycling,Recycle Anything Remaining,Centralized Anaerobic Digestion,Georgia,244525.96680031958,201278.12130373862,0,0,250.88364193712786,59130664.82100331,54541427.381744035,-4589237.439
Recycling,Recycle Anything Remaining,Centralized Anaerobic Digestion,Hawaii,24739.680917854977,20018.381648923107,0,0,25.38291262171918,5982488.483,5518176.772328551,-464311.7105
Recycling,Recycle Anything Remaining,Centralized Anaerobic Digestion,Idaho,69563.51966664418,32090.009494055033,0,0,71.37217118,16821678.36406744,15516117.596684776,-1305560.767
Recycling,Recycle Anything Remaining,Centralized Anaerobic Digestion,Illinois,286572.25234776404,239241.90304041255,0,0,294.02313090880585,69298193.65324545,63919835.98131293,-5378357.672
Recycling,Recycle Anything Remaining,Centralized Anaerobic Digestion,Indiana,167470.21479925892,135692.72814420843,0,0,171.8244403840396,40497233.35470098,37354170.10553219,-3143063.249
Recycling,Recycle Anything Remaining,Centralized Anaerobic Digestion,Iowa,101840.74744716981,88113.13584444727,0,0,104.4886068807962,24626877.79632235,22715541.44,-1911336.359
Recycling,Recycle Anything Remaining,Centralized Anaerobic Digestion,Kansas,70745.67598398076,61436.83831707624,0,0,72.58506355956423,17107544.482423466,15779797.130517418,-1327747.352
Recycling,Recycle Anything Remaining,Centralized Anaerobic Digestion,Kentucky,109447.52003543233,92937.21047631608,0,0,112.29315555635354,26466328.73959763,24412229.27869723,-2054099.461
Recycling,Recycle Anything Remaining,Centralized Anaerobic Digestion,Louisiana,152642.1351863259,98454.08108452616,0,0,156.61083070117033,36911543.8,34046772.375949025,-2864771.422
Recycling,Recycle Anything Remaining,Centralized Anaerobic Digestion,Maine,38327.45070891368,28107.192894949007,0,0,39.323964427345416,9268249.384585764,8548923.85,-719325.5344
Recycling,Recycle Anything Remaining,Centralized Anaerobic Digestion,Maryland,123784.16949826828,96987.95667537111,0,0,127.00255790522321,29933181.87235891,27610013.693197962,-2323168.179
Recycling,Recycle Anything Remaining,Centralized Anaerobic Digestion,Massachusetts,162276.2981832922,125427.0791274927,0,0,166.49548193605776,39241253.27804204,36195668.90566612,-3045584.372
Recycling,Recycle Anything Remaining,Centralized Anaerobic Digestion,Michigan,228762.2374823091,172402.17433447178,0,0,234.7100556568491,55318718.76541949,51025333.327954516,-4293385.437
Recycling,Recycle Anything Remaining,Centralized Anaerobic Digestion,Minnesota,164926.96666085307,104747.35493117734,0,0,169.2150677940352,39882231.37680666,36786899.539261855,-3095331.838
Recycling,Recycle Anything Remaining,Centralized Anaerobic Digestion,Mississippi,64045.518027543716,54327.02480351501,0,0,65.71070149625983,15487328.848255733,14285329.351045793,-1201999.497
Recycling,Recycle Anything Remaining,Centralized Anaerobic Digestion,Missouri,154221.03523335213,118716.11289780734,0,0,158.23078214941924,37293349.50417858,34398945.45345386,-2894404.051
Recycling,Recycle Anything Remaining,Centralized Anaerobic Digestion,Montana,18081.475178280958,14810.766138212859,0,0,18.551593532916236,4372417.630023353,4033066.4194708713,-339351.2106
Recycling,Recycle Anything Remaining,Centralized Anaerobic Digestion,Nebraska,54203.71151109926,43243.12814454005,0,0,55.61300801038781,13107407.525493855,12090118.010320693,-1017289.515
Recycling,Recycle Anything Remaining,Centralized Anaerobic Digestion,Nevada,78280.93833148327,63884.85929,0,0,80.31624273,18929702.99605219,17460534.63871142,-1469168.357
Recycling,Recycle Anything Remaining,Centralized Anaerobic Digestion,New Hampshire,41457.55106962159,32695.537951532213,0,0,42.535447397431724,10025162.516172567,9247091.589807203,-778070.9264
Recycling,Recycle Anything Remaining,Centralized Anaerobic Digestion,New Jersey,185146.73774623696,142390.63938735108,0,0,189.9605529276391,44771726.43719666,41296912.078050904,-3474814.359
Recycling,Recycle Anything Remaining,Centralized Anaerobic Digestion,New Mexico,54548.959881970055,38689.03875274388,0,0,55.967232838901246,13190894.633080384,12167125.533059133,-1023769.1
Recycling,Recycle Anything Remaining,Centralized Anaerobic Digestion,New York,320915.1670163683,233368.66724470898,0,0,329.25896135879384,77602912.38237678,71580010.52631207,-6022901.856
Recycling,Recycle Anything Remaining,Centralized Anaerobic Digestion,North Carolina,250144.8480651257,204501.0519752355,0,0,256.64861411481894,60489408.79852772,55794716.79,-4694692.008
Recycling,Recycle Anything Remaining,Centralized Anaerobic Digestion,North Dakota,36292.876332080275,20571.15483071271,0,0,37.23649111671433,8776253.638268236,8095112.780219405,-681140.858
Recycling,Recycle Anything Remaining,Centralized Anaerobic Digestion,Ohio,275584.3172407845,217354.94521781776,0,0,282.74950948904484,66641118.34796179,61468981.078029685,-5172137.27
Recycling,Recycle Anything Remaining,Centralized Anaerobic Digestion,Oklahoma,84894.43000289956,70343.98109711014,0,0,87.10168518297492,20528961.20341613,18935671.535034895,-1593289.668
Recycling,Recycle Anything Remaining,Centralized Anaerobic Digestion,Oregon,93757.1437,66976.76452928604,0,0,96.19482943231738,22672120.72001645,20912496.579975538,-1759624.14
Recycling,Recycle Anything Remaining,Centralized Anaerobic Digestion,Pennsylvania,274552.90493827016,210529.34017382894,0,0,281.69128046666515,66391704.77462937,61238924.94152063,-5152779.833
Recycling,Recycle Anything Remaining,Centralized Anaerobic Digestion,Rhode Island,19792.071462996053,15670.632257542711,0,0,20.30666532103393,4786069.794981932,4414614.294582464,-371455.5004
Recycling,Recycle Anything Remaining,Centralized Anaerobic Digestion,South Carolina,119574.65119215993,98947.12095689612,0,0,122.68359212315606,28915246.561547395,26671082.175989337,-2244164.386
Recycling,Recycle Anything Remaining,Centralized Anaerobic Digestion,South Dakota,24363.99611,16477.67897470399,0,0,24.997460013865215,5891641.312456386,5434380.4145507105,-457260.8979
Recycling,Recycle Anything Remaining,Centralized Anaerobic Digestion,Tennessee,176746.8329699088,141327.42247367874,0,0,181.3422506271264,42740482.22883409,39423316.392625034,-3317165.836
Recycling,Recycle Anything Remaining,Centralized Anaerobic Digestion,Texas,544498.7292273978,442869.8756101974,0,0,558.6556961873101,131669336.6954328,121450242.23075362,-10219094.46
Recycling,Recycle Anything Remaining,Centralized Anaerobic Digestion,Utah,70021.61948182133,50974.02800602822,0,0,71.84218158834865,16932454.928946227,15618296.592764478,-1314158.336
Recycling,Recycle Anything Remaining,Centralized Anaerobic Digestion,Vermont,15718.01426458927,10500.231836210076,0,0,16.126682635468573,3800891.3543735854,3505897.327858729,-294994.0265
Recycling,Recycle Anything Remaining,Centralized Anaerobic Digestion,Virginia,207957.09452926303,166705.24084624072,0,0,213.36397898702384,50287670.52703658,46384753.80836918,-3902916.719
Recycling,Recycle Anything Remaining,Centralized Anaerobic Digestion,Washington,208388.3789222991,120455.57878844015,0,0,213.80647677427885,50391962.65,46480951.63435657,-3911011.018
Recycling,Recycle Anything Remaining,Centralized Anaerobic Digestion,West Virginia,37338.11144400272,30974.77524127597,0,0,38.30890234154677,9029009.809201613,8328252.0893068565,-700757.7199
Recycling,Recycle Anything Remaining,Centralized Anaerobic Digestion,Wisconsin,279726.3095057585,113889.96650311524,0,0,286.9991935529082,67642724.67843126,62392850.94,-5249873.742
Recycling,Recycle Anything Remaining,Centralized Anaerobic Digestion,Wyoming,13234.03595142455,10796.86304141837,0,0,13.578120886161567,3200221.859103473,2951846.874411657,-248374.9847
Recycling,Recycle Anything Remaining,Centralized Composting,Alabama,293955.6814822126,182873.69643673705,0,0,302.77435192667895,59802257.75458851,54837609.61378471,-4964648.141
Recycling,Recycle Anything Remaining,Centralized Composting,Alaska,39301.064376960334,23538.496557422102,0,0,40.48009630826912,7995397.027,7331637.255122699,-663759.7722
Recycling,Recycle Anything Remaining,Centralized Composting,Arizona,508492.7922999543,281935.1874502513,0,0,523.7475760689529,103447624.75125818,94859636.98665749,-8587987.765
Recycling,Recycle Anything Remaining,Centralized Composting,Arkansas,235852.13015592625,157149.67576194656,0,0,242.9276941,47981688.288637236,43998357.08177268,-3983331.207
Recycling,Recycle Anything Remaining,Centralized Composting,California,2193044.4355014763,1141410.9488496792,0,0,2258.8357685665205,446152317.7161698,409113761.6844799,-37038556.03
Recycling,Recycle Anything Remaining,Centralized Composting,Colorado,430848.62371255417,247693.88547368217,0,0,443.77408242393074,87651717.83225755,80375070.52,-7276647.309
Recycling,Recycle Anything Remaining,Centralized Composting,Connecticut,208025.3966126047,110753.09374407797,0,0,214.26615851098282,42320625.76575939,38807263.161828116,-3513362.604
Recycling,Recycle Anything Remaining,Centralized Composting,Delaware,62464.24574074975,36799.39626762099,0,0,64.33817311297221,12707707.860582074,11652742.704202574,-1054965.156
Recycling,Recycle Anything Remaining,Centralized Composting,Florida,1624017.7758432026,893697.4380268003,0,0,1672.7383091184986,330389700.71713173,302961495.2447359,-27428205.47
Recycling,Recycle Anything Remaining,Centralized Composting,Georgia,683582.5113484426,413160.5736438348,0,0,704.0899866888959,139067825.91872492,127522729.64115086,-11545096.28
Recycling,Recycle Anything Remaining,Centralized Composting,Hawaii,69797.45713610899,41126.333605852604,0,0,71.89138085019222,14199574.239292277,13020757.711384535,-1178816.528
Recycling,Recycle Anything Remaining,Centralized Composting,Idaho,203971.63883294965,59328.533984728994,0,0,210.09078799793812,41495930.47022632,38051032.203920886,-3444898.266
Recycling,Recycle Anything Remaining,Centralized Composting,Illinois,809230.1818,479800.4015946585,0,0,833.5070872280326,164629551.19381413,150962378.31532824,-13667172.88
Recycling,Recycle Anything Remaining,Centralized Composting,Indiana,472427.22004545305,272603.5970358336,0,0,486.6000366468166,96110455.29375638,88131582.73773916,-7978872.556
Recycling,Recycle Anything Remaining,Centralized Composting,Iowa,289192.7756579772,174241.4882754508,0,0,297.8685589277165,58833293.58854298,53949086.66059781,-4884206.928
Recycling,Recycle Anything Remaining,Centralized Composting,Kansas,201334.74990630482,125876.14991957419,0,0,207.3747924034939,40959482.55921366,37559118.984808594,-3400363.574
Recycling,Recycle Anything Remaining,Centralized Composting,Kentucky,309513.77032370714,190324.24059215756,0,0,318.79918343341836,62967390.79225066,57739980.467528805,-5227410.325
Recycling,Recycle Anything Remaining,Centralized Composting,Louisiana,426392.23653318424,196151.33767105482,0,0,439.1840036291797,86745111.72955818,79543728.80787535,-7201382.922
Recycling,Recycle Anything Remaining,Centralized Composting,Maine,110019.73943662738,55919.372869423394,0,0,113.32033161972616,22382383.57124586,20524248.72557246,-1858134.846
Recycling,Recycle Anything Remaining,Centralized Composting,Maryland,344702.04571731976,194200.07786205047,0,0,355.04310708883935,70126083.23329335,64304374.45810401,-5821708.775
Recycling,Recycle Anything Remaining,Centralized Composting,Massachusetts,459368.22377829393,248796.86640882952,0,0,473.1492704916427,93453736.92,85695419.11050314,-7758317.807
Recycling,Recycle Anything Remaining,Centralized Composting,Michigan,651248.5576455885,346419.61980937363,0,0,670.7860143749562,132489815.84655005,121490811.08292902,-10999004.76
Recycling,Recycle Anything Remaining,Centralized Composting,Minnesota,470643.7270630261,199546.72415747825,0,0,484.76303887491684,95747622.00371484,87798871.04655461,-7948750.957
Recycling,Recycle Anything Remaining,Centralized Composting,Mississippi,178021.21815626515,111532.82611192096,0,0,183.36185470095307,36216584.48745104,33209965.580523703,-3006618.907
Recycling,Recycle Anything Remaining,Centralized Composting,Missouri,437086.8299402682,239237.92461552983,0,0,450.19943483847624,88920816.68033887,81538811.65600637,-7382005.024
Recycling,Recycle Anything Remaining,Centralized Composting,Montana,51928.945547356874,30621.112959434842,0,0,53.48681391377755,10564409.474545028,9687376.101,-877033.3734
Recycling,Recycle Anything Remaining,Centralized Composting,Nebraska,154798.8561,87895.22548003885,0,0,159.44282181991724,31492233.958782163,28877819.94,-2614414.015
Recycling,Recycle Anything Remaining,Centralized Composting,Nevada,222850.34940178774,133477.67561988172,0,0,229.53585988384134,45336609.819641255,41572867.042987324,-3763742.777
Recycling,Recycle Anything Remaining,Centralized Composting,New Hampshire,117500.1503029665,66192.92127776418,0,0,121.02515481205548,23904196.167224232,21919723.882815983,-1984472.284
Recycling,Recycle Anything Remaining,Centralized Composting,New Jersey,517522.5018913471,282631.8391607663,0,0,533.0481769480875,105284626.22614285,96544134.75517097,-8740491.471
Recycling,Recycle Anything Remaining,Centralized Composting,New Mexico,153595.82011722462,78004.62140388625,0,0,158.20369472074134,31247488.663468778,28653392.84965354,-2594095.814
Recycling,Recycle Anything Remaining,Centralized Composting,New York,905596.2385459796,461767.01558034786,0,0,932.7641257,184234233.56214172,168939524.3075146,-15294709.25
Recycling,Recycle Anything Remaining,Centralized Composting,North Carolina,700897.6872591393,419897.07548335433,0,0,721.9246178769133,142590420.23517522,130752886.1470466,-11837534.09
Recycling,Recycle Anything Remaining,Centralized Composting,North Dakota,104477.87934246521,40368.368240272306,0,0,107.61221572273914,21254949.176646452,19490411.38367959,-1764537.793
Recycling,Recycle Anything Remaining,Centralized Composting,Ohio,778186.3078596947,443639.8651857137,0,0,801.5318970954855,158313994.57585588,145171124.9193346,-13142869.66
Recycling,Recycle Anything Remaining,Centralized Composting,Oklahoma,239301.65598643708,144808.25608182148,0,0,246.48070566603016,48683458.813388266,44641868.21,-4041590.608
Recycling,Recycle Anything Remaining,Centralized Composting,Oregon,269774.4625902165,132655.53406684397,0,0,277.86769646792294,54882837.66477207,50326588.65001742,-4556249.015
Recycling,Recycle Anything Remaining,Centralized Composting,Pennsylvania,763708.8560682408,412936.86686738895,0,0,786.6201218,155368706.0231849,142470347.55881885,-12898358.46
Recycling,Recycle Anything Remaining,Centralized Composting,Rhode Island,55690.45552422481,32123.197053886895,0,0,57.361169189951525,11329649.962665085,10389088.05522126,-940561.9074
Recycling,Recycle Anything Remaining,Centralized Composting,South Carolina,334090.53146691446,202543.54028436082,0,0,344.1132474109219,67967279.88,62324790.07674191,-5642489.805
Recycling,Recycle Anything Remaining,Centralized Composting,South Dakota,69592.33431401548,32682.510696106754,0,0,71.68010434343591,14157844.112436652,12982491.92524928,-1175352.187
Recycling,Recycle Anything Remaining,Centralized Composting,Tennessee,496722.6265503182,288647.2542166107,0,0,511.6243053468277,101053105.67809457,92663905.46953374,-8389200.209
Recycling,Recycle Anything Remaining,Centralized Composting,Texas,1535611.0692856163,908761.6089537257,0,0,1581.6794013641847,312404266.22533077,286469170.8,-25935095.39
Recycling,Recycle Anything Remaining,Centralized Composting,Utah,200547.1274340347,101344.44341606369,0,0,206.56354125705568,40799248.87411357,37412187.537729196,-3387061.336
Recycling,Recycle Anything Remaining,Centralized Composting,Vermont,44828.21151770434,20615.78424504538,0,0,46.17305786323544,9119838.223032223,8362729.8866845975,-757108.3363
Recycling,Recycle Anything Remaining,Centralized Composting,Virginia,587251.8176904721,340128.1761,0,0,604.8693722211863,119470337.8117946,109552180.65905702,-9918157.153
Recycling,Recycle Anything Remaining,Centralized Composting,Washington,609232.5693953502,237504.3976445808,0,0,627.5095464772107,123942095.50147976,113652703.14235039,-10289392.36
Recycling,Recycle Anything Remaining,Centralized Composting,West Virginia,105937.2330281045,64344.34354279893,0,0,109.11535001894761,21551839.66307507,19762654.693616662,-1789184.969
Recycling,Recycle Anything Remaining,Centralized Composting,Wisconsin,796499.7714928978,187717.41475281105,0,0,820.3947646376846,162039680.25422016,148587512.60175672,-13452167.65
Recycling,Recycle Anything Remaining,Centralized Composting,Wyoming,37758.62386772244,22488.662117156593,0,0,38.89138258375409,7681603.381878266,7043894.048,-637709.3337
Recycling,Recycle Anything Remaining,Co-Digestion At Wastewater Treatment Plants,Alabama,101160.3497327655,92385.70331,0,0,103.79051882581737,22288539.614035163,21743277.922667503,-545261.6914
Recycling,Recycle Anything Remaining,Co-Digestion At Wastewater Treatment Plants,Alaska,13208.49249341802,11842.885571130362,0,0,13.551913298246868,2910211.4510175427,2839016.7094374294,-71194.74158
Recycling,Recycle Anything Remaining,Co-Digestion At Wastewater Treatment Plants,Arizona,167123.5510329675,138610.4286295011,0,0,171.4687633598246,36822133.35,35921325.17465919,-900808.1758
Recycling,Recycle Anything Remaining,Co-Digestion At Wastewater Treatment Plants,Arkansas,82051.76012,83602.06615845926,0,0,84.18510588049546,18078366.77720154,17636101.782868106,-442264.9943
Recycling,Recycle Anything Remaining,Co-Digestion At Wastewater Treatment Plants,California,749158.2555634008,586475.9799636105,0,0,768.6363702080491,165061147.9736514,161023130.12763128,-4038017.846
Recycling,Recycle Anything Remaining,Co-Digestion At Wastewater Treatment Plants,Colorado,143210.1800019206,123818.90845281017,0,0,146.93364468197052,31553328.73539931,30781415.380263668,-771913.3551
Recycling,Recycle Anything Remaining,Co-Digestion At Wastewater Treatment Plants,Connecticut,68216.47833905884,52069.62374070156,0,0,69.99010677587434,15030055.588050395,14662363.775432503,-367691.8126
Recycling,Recycle Anything Remaining,Co-Digestion At Wastewater Treatment Plants,Delaware,21165.094385484663,18430.97712774843,0,0,21.715386839507243,4663280.088412678,4549198.680103276,-114081.4083
Recycling,Recycle Anything Remaining,Co-Digestion At Wastewater Treatment Plants,Florida,553940.8477254399,443588.51046954124,0,0,568.3433097663013,122049128.54667293,119063346.82145834,-2985781.725
Recycling,Recycle Anything Remaining,Co-Digestion At Wastewater Treatment Plants,Georgia,234473.54220312973,209250.52583430166,0,0,240.56985430041107,51661276.85049802,50397447.29138337,-1263829.559
Recycling,Recycle Anything Remaining,Co-Digestion At Wastewater Treatment Plants,Hawaii,23420.16418702933,20429.02548382755,0,0,24.029088455892065,5160136.937335403,5033900.537694016,-126236.3996
Recycling,Recycle Anything Remaining,Co-Digestion At Wastewater Treatment Plants,Idaho,75231.60430190415,34466.14480011719,0,0,77.18762601375363,16575689.953030067,16170186.09787018,-405503.8552
Recycling,Recycle Anything Remaining,Co-Digestion At Wastewater Treatment Plants,Illinois,282237.47148940526,253453.68827683595,0,0,289.5756457481298,62185046.61633454,60663765.98140018,-1521280.635
Recycling,Recycle Anything Remaining,Co-Digestion At Wastewater Treatment Plants,Indiana,162449.06104332706,140497.14402152487,0,0,166.67273663045353,35792208.52727303,34916596.194777474,-875612.3325
Recycling,Recycle Anything Remaining,Co-Digestion At Wastewater Treatment Plants,Iowa,104671.05554376729,95694.04590584214,0,0,107.39250298790522,23062049.252430495,22497864.59971031,-564184.6527
Recycling,Recycle Anything Remaining,Co-Digestion At Wastewater Treatment Plants,Kansas,69233.85820955595,64903.732949672245,0,0,71.03393852300437,15254213.685625182,14881038.12101932,-373175.5646
Recycling,Recycle Anything Remaining,Co-Digestion At Wastewater Treatment Plants,Kentucky,105875.15551961657,97203.65757972679,0,0,108.62790956312656,23327347.168875743,22756672.33,-570674.8397
Recycling,Recycle Anything Remaining,Co-Digestion At Wastewater Treatment Plants,Louisiana,155918.31489422388,103171.3221180601,0,0,159.97219108147365,34353296.99090507,33512885.858292274,-840411.1326
Recycling,Recycle Anything Remaining,Co-Digestion At Wastewater Treatment Plants,Maine,36617.080614632316,26998.706948632702,0,0,37.569124710612726,8067797.847531619,7870429.102152386,-197368.7454
Recycling,Recycle Anything Remaining,Co-Digestion At Wastewater Treatment Plants,Maryland,115570.13902683028,95613.26497067338,0,0,118.57496264152782,25463431.36123753,24840499.850583073,-622931.5107
Recycling,Recycle Anything Remaining,Co-Digestion At Wastewater Treatment Plants,Massachusetts,150612.4682019669,118796.36775854476,0,0,154.5283924,33184266.09590745,32372453.86542578,-811812.2305
Recycling,Recycle Anything Remaining,Co-Digestion At Wastewater Treatment Plants,Michigan,223472.7107222676,178392.14118702002,0,0,229.28300120104652,49237476.72627699,48032942.45425408,-1204534.272
Recycling,Recycle Anything Remaining,Co-Digestion At Wastewater Treatment Plants,Minnesota,171662.92155047297,109100.35884155479,0,0,176.12615751078522,37822287.460908815,36897011.74570034,-925275.7152
Recycling,Recycle Anything Remaining,Co-Digestion At Wastewater Treatment Plants,Mississippi,61403.47670753794,56465.944867001745,0,0,62.9999671,13528955.036739673,13197985.801719697,-330969.235
Recycling,Recycle Anything Remaining,Co-Digestion At Wastewater Treatment Plants,Missouri,154258.87133339475,125224.8207138326,0,0,158.269602,33987673.76361787,33156207.15,-831466.6103
Recycling,Recycle Anything Remaining,Co-Digestion At Wastewater Treatment Plants,Montana,17626.699800362458,15511.40916500297,0,0,18.084993995171857,3883669.8153271996,3788660.612890026,-95009.20244
Recycling,Recycle Anything Remaining,Co-Digestion At Wastewater Treatment Plants,Nebraska,54636.478397100735,46128.46517004704,0,0,56.05702683542532,12037990.34248223,11743495.723791461,-294494.6187
Recycling,Recycle Anything Remaining,Co-Digestion At Wastewater Treatment Plants,Nevada,75064.66429345221,66429.65817913992,0,0,77.01634556508192,16538908.259398341,16134304.223106282,-404604.0363
Recycling,Recycle Anything Remaining,Co-Digestion At Wastewater Treatment Plants,New Hampshire,38027.706717032124,31725.554592316406,0,0,39.016427091674935,8378599.419955865,8173627.296607756,-204972.1233
Recycling,Recycle Anything Remaining,Co-Digestion At Wastewater Treatment Plants,New Jersey,173959.08514923134,141064.8462,0,0,178.4820213631113,38328198.45732617,37390546.252210096,-937652.2051
Recycling,Recycle Anything Remaining,Co-Digestion At Wastewater Treatment Plants,New Mexico,52544.89597346696,39506.077451141406,0,0,53.91106326877707,11577154.47320803,11293933.636912817,-283220.8363
Recycling,Recycle Anything Remaining,Co-Digestion At Wastewater Treatment Plants,New York,311618.7494,235860.93757637008,0,0,319.72083693165956,68658588.66495217,66978940.79072384,-1679647.874
Recycling,Recycle Anything Remaining,Co-Digestion At Wastewater Treatment Plants,North Carolina,236631.34710095517,210668.72655455183,0,0,242.78376212557995,52136703.43879662,50861243.15330214,-1275460.285
Recycling,Recycle Anything Remaining,Co-Digestion At Wastewater Treatment Plants,North Dakota,39176.31827,22352.478423742665,0,0,40.194902547867535,8631671.638754556,8420508.415027065,-211163.2237
Recycling,Recycle Anything Remaining,Co-Digestion At Wastewater Treatment Plants,Ohio,269843.4056385624,227340.12305239035,0,0,276.8593342,59454276.81942076,57999801.10683596,-1454475.713
Recycling,Recycle Anything Remaining,Co-Digestion At Wastewater Treatment Plants,Oklahoma,82361.64399342512,73243.43942021257,0,0,84.50304673725414,18146643.12325853,17702707.83214585,-443935.2911
Recycling,Recycle Anything Remaining,Co-Digestion At Wastewater Treatment Plants,Oregon,93198.00811965203,69785.85188369406,0,0,95.62115633076294,20534206.35,20031862.263602503,-502344.0871
Recycling,Recycle Anything Remaining,Co-Digestion At Wastewater Treatment Plants,Pennsylvania,264440.38156206737,212200.22112184452,0,0,271.31583148268106,58263834.946862265,56838481.929624334,-1425353.017
Recycling,Recycle Anything Remaining,Co-Digestion At Wastewater Treatment Plants,Rhode Island,18445.624591806332,15992.76279595381,0,0,18.925210831193272,4064102.541224551,3964679.274205106,-99423.26702
Recycling,Recycle Anything Remaining,Co-Digestion At Wastewater Treatment Plants,South Carolina,112944.16775554523,101858.3067647704,0,0,115.88071611718937,24884854.232352834,24276076.899107274,-608777.3332
Recycling,Recycle Anything Remaining,Co-Digestion At Wastewater Treatment Plants,South Dakota,24670.329050497094,17258.53382353591,0,0,25.31175760580999,5435584.275715362,5302609.396,-132974.8798
Recycling,Recycle Anything Remaining,Co-Digestion At Wastewater Treatment Plants,Tennessee,171999.64048148418,147375.1193228605,0,0,176.47163113400273,37896476.34,36969385.68784408,-927090.6549
Recycling,Recycle Anything Remaining,Co-Digestion At Wastewater Treatment Plants,Texas,530082.8985873212,463675.51769541885,0,0,543.8650539505915,116792534.97142987,113935349.33879483,-2857185.633
Recycling,Recycle Anything Remaining,Co-Digestion At Wastewater Treatment Plants,Utah,69696.11795496775,53276.62163616068,0,0,71.50821702179688,15356062.825874325,14980395.647397017,-375667.1785
Recycling,Recycle Anything Remaining,Co-Digestion At Wastewater Treatment Plants,Vermont,15662.434604221904,10865.651075097037,0,0,16.069657903931656,3450885.599453054,3366463.930233901,-84421.66922
Recycling,Recycle Anything Remaining,Co-Digestion At Wastewater Treatment Plants,Virginia,197206.36489683262,169311.61724733785,0,0,202.33373038415024,43450243.97161864,42387287.226647176,-1062956.745
Recycling,Recycle Anything Remaining,Co-Digestion At Wastewater Treatment Plants,Washington,212751.21530785153,125279.12664810356,0,0,218.28274690585565,46875222.38554779,45728477.76,-1146744.627
Recycling,Recycle Anything Remaining,Co-Digestion At Wastewater Treatment Plants,West Virginia,35699.19724644926,32044.838442806056,0,0,36.62737637485691,7865561.696046807,7673140.409223579,-192421.2868
Recycling,Recycle Anything Remaining,Co-Digestion At Wastewater Treatment Plants,Wisconsin,306633.33972634666,121760.29242591962,0,0,314.6058065592316,67560159.26723251,65907383.11639297,-1652776.151
Recycling,Recycle Anything Remaining,Co-Digestion At Wastewater Treatment Plants,Wyoming,12415.635264334795,11047.163355491653,0,0,12.738441781207479,2735522.1601503342,2668600.977,-66921.18307
Recycling,Recycle Anything Remaining,Livestock Feed,Alabama,26990.863473464095,8117.582082527004,0,0,40.93164445750828,4701636.420622145,8625451.176745867,3923814.7561237225
Recycling,Recycle Anything Remaining,Livestock Feed,Alaska,3449.214206113848,1215.297949136318,0,0,5.230733343571637,592605.7362,1102262.9476905323,509657.2114488792
Recycling,Recycle Anything Remaining,Livestock Feed,Arizona,55125.05351296356,20916.17105178862,0,0,83.59714365240922,10483499.389927173,17616274.416675635,7132775.026748463
Recycling,Recycle Anything Remaining,Livestock Feed,Arkansas,48451.53189376324,18574.707178454388,0,0,73.47674811689193,8353172.631411834,15483621.826292144,7130449.1948803095
Recycling,Recycle Anything Remaining,Livestock Feed,California,521325.2837512483,153794.23875605653,0,0,790.5897928,97586469.48832805,166599552.71977302,69013083.23144498
Recycling,Recycle Anything Remaining,Livestock Feed,Colorado,40571.72166074549,18066.784555320733,0,0,61.52701589852051,7246591.908896939,12965476.435584716,5718884.526687778
Recycling,Recycle Anything Remaining,Livestock Feed,Connecticut,15505.63227439591,5426.282012324259,0,0,23.514291344121375,2680817.3275148794,4955123.954402777,2274306.6268878984
Recycling,Recycle Anything Remaining,Livestock Feed,Delaware,6807.297002708074,510.97664067377303,0,0,10.323265904606778,1238110.473116035,2175403.095206393,937292.6220903577
Recycling,Recycle Anything Remaining,Livestock Feed,Florida,207734.12174309156,79571.44581631485,0,0,315.0287956233983,36725547.44738277,66385446.56419815,29659899.116815377
Recycling,Recycle Anything Remaining,Livestock Feed,Georgia,88597.45307,33258.12981042777,0,0,134.35803758745527,15826664.21302552,28313025.503215495,12486361.290189978
Recycling,Recycle Anything Remaining,Livestock Feed,Hawaii,7186.2628624636345,5002.313483828899,0,0,10.897967630926082,1242697.825645433,2296508.947347387,1053811.1217019544
Recycling,Recycle Anything Remaining,Livestock Feed,Idaho,82915.46383426966,14149.178353227218,0,0,125.74130090466991,15670021.394414457,26497236.214871697,10827214.820457244
Recycling,Recycle Anything Remaining,Livestock Feed,Illinois,187721.59006752368,84949.09049509806,0,0,284.67979133739965,32343725.319816604,59990055.95,27646330.631539598
Recycling,Recycle Anything Remaining,Livestock Feed,Indiana,78722.21906436502,31755.676842600373,0,0,119.38224521110952,13666890.718400594,25157203.94541443,11490313.227013836
Recycling,Recycle Anything Remaining,Livestock Feed,Iowa,105646.63968755059,28261.051932326096,0,0,160.21312908617043,18105682.32421334,33761422.02742494,15655739.703211594
Recycling,Recycle Anything Remaining,Livestock Feed,Kansas,34989.863863377155,8820.171568656708,0,0,53.06212854881144,6011596.432453147,11181686.081709107,5170089.649255959
Recycling,Recycle Anything Remaining,Livestock Feed,Kentucky,38443.045781702414,17800.057927018235,0,0,58.298878927951684,6587268.873805259,12285216.988388669,5697948.114583409
Recycling,Recycle Anything Remaining,Livestock Feed,Louisiana,170149.44663458885,39242.03739221554,0,0,258.0316358213539,29200611.56245108,54374538.48558235,25173926.923131272
Recycling,Recycle Anything Remaining,Livestock Feed,Maine,11379.695566487799,3714.115072107348,0,0,17.25730832657873,2215325.262490433,3636601.2747784974,1421276.012288064
Recycling,Recycle Anything Remaining,Livestock Feed,Maryland,26772.365067961062,11977.207706066929,0,0,40.600291625562924,4692432.1824032115,8555625.795623247,3863193.6132200356
Recycling,Recycle Anything Remaining,Livestock Feed,Massachusetts,37066.42552018305,14508.287511332514,0,0,56.21123430135757,6549826.775053969,11845291.423712749,5295464.649
Recycling,Recycle Anything Remaining,Livestock Feed,Michigan,118613.09105245234,41666.61760161001,0,0,179.87675258104395,21812917.337031092,37905101.73198741,16092184.394956322
Recycling,Recycle Anything Remaining,Livestock Feed,Minnesota,192713.9441337916,38535.872852751345,0,0,292.2506962788949,33315682.92495616,61585459.01424666,28269776.089290492
Recycling,Recycle Anything Remaining,Livestock Feed,Mississippi,20662.14977863266,4322.729395498356,0,0,31.334150139296405,3646162.4405133124,6602988.611217374,2956826.1707040616
Recycling,Recycle Anything Remaining,Livestock Feed,Missouri,107635.12140512101,29543.293969241633,0,0,163.22866161086597,18514008.979863573,34396879.725457385,15882870.745593809
Recycling,Recycle Anything Remaining,Livestock Feed,Montana,5397.160577008095,2886.682720992774,0,0,8.184794015,969359.3263599763,1724766.7936155181,755407.4672555418
Recycling,Recycle Anything Remaining,Livestock Feed,Nebraska,43568.990225040005,988.2920836730866,0,0,66.07237367627313,7574407.212594687,13923311.433725271,6348904.221130585
Recycling,Recycle Anything Remaining,Livestock Feed,Nevada,16848.67105641567,12799.838561550076,0,0,25.55100965705434,2918268.8798835003,5384317.909393389,2466049.0295098885
Recycling,Recycle Anything Remaining,Livestock Feed,New Hampshire,4325.328247043933,2809.6964883864252,0,0,6.559360286642106,755109.9799840713,1382242.0929569842,627132.1129729127
Recycling,Recycle Anything Remaining,Livestock Feed,New Jersey,63753.52695513805,24559.341813544248,0,0,96.68222362746683,11153935.802883018,20373669.58035739,9219733.777474372
Recycling,Recycle Anything Remaining,Livestock Feed,New Mexico,27711.679614899356,6821.257659,0,0,42.02476213599485,4814665.281148345,8855801.882,4041136.6008082954
Recycling,Recycle Anything Remaining,Livestock Feed,New York,159519.21261328808,45211.888789123834,0,0,241.9108859280513,28576040.726719975,50977442.10745952,22401401.380739547
Recycling,Recycle Anything Remaining,Livestock Feed,North Carolina,79994.91507706192,29299.30360585443,0,0,121.31228871436437,14420338.242841078,25563918.51129517,11143580.268454092
Recycling,Recycle Anything Remaining,Livestock Feed,North Dakota,53090.00299,13685.93936752804,0,0,80.51098954,9356252.799,16965934.759070482,7609681.9603194725
Recycling,Recycle Anything Remaining,Livestock Feed,Ohio,135739.61965416782,54325.56534915237,0,0,205.84913320554546,23386031.384450216,43378214.380883306,19992182.99643309
Recycling,Recycle Anything Remaining,Livestock Feed,Oklahoma,29799.45483866448,10038.66604415316,0,0,45.19087326283466,5170705.509701963,9522990.735633375,4352285.225931413
Recycling,Recycle Anything Remaining,Livestock Feed,Oregon,60787.28415818697,19324.38837216574,0,0,92.18391642589052,11293530.53334922,19425749.46477348,8132218.931424261
Recycling,Recycle Anything Remaining,Livestock Feed,Pennsylvania,117511.61033900187,39141.306780216575,0,0,178.2063570790963,20549704.566466462,37553102.318358615,17003397.751892157
Recycling,Recycle Anything Remaining,Livestock Feed,Rhode Island,4901.578975514452,1907.3249948862492,0,0,7.433244516,843039.4014747717,1566394.131252215,723354.7297774435
Recycling,Recycle Anything Remaining,Livestock Feed,South Carolina,30529.250164346948,14163.79535,0,0,46.29760787423212,5392736.852822347,9756210.912412092,4363474.059589745
Recycling,Recycle Anything Remaining,Livestock Feed,South Dakota,20870.72336082364,1150.9796588037618,0,0,31.650451976689034,3576227.2102277125,6669642.323563998,3093415.113336285
Recycling,Recycle Anything Remaining,Livestock Feed,Tennessee,81474.8416,30623.19311272148,0,0,123.5565972830802,13971713.049248127,26036857.58426857,12065144.535020443
Recycling,Recycle Anything Remaining,Livestock Feed,Texas,247011.21418550183,105226.90444705755,0,0,374.5925063123135,42709126.09,78937199.25486757,36228073.16069106
Recycling,Recycle Anything Remaining,Livestock Feed,Utah,49177.300857137336,12258.812366819016,0,0,74.57737674984875,8453564.723796712,15715555.301311767,7261990.577515054
Recycling,Recycle Anything Remaining,Livestock Feed,Vermont,12725.734539614004,2419.8207864118085,0,0,19.298576429324626,2200766.1628073435,4066753.999,1865987.8359146363
Recycling,Recycle Anything Remaining,Livestock Feed,Virginia,50998.05507027179,23569.024545998447,0,0,77.33855051406714,8901238.567081952,16297412.439216437,7396173.872134483
Recycling,Recycle Anything Remaining,Livestock Feed,Washington,155503.86140513376,32851.676669789216,0,0,235.8216058208853,32228622.745709646,49694259.157885745,17465636.412176102
Recycling,Recycle Anything Remaining,Livestock Feed,West Virginia,5519.875873989183,3469.7394892397733,0,0,8.370891762904575,1017284.7289250015,1763982.8343987586,746698.1055
Recycling,Recycle Anything Remaining,Livestock Feed,Wisconsin,501829.87843432144,56980.87613235411,0,0,761.0250106456483,86806033.86619411,160369419.81211904,73563385.94592492
Recycling,Recycle Anything Remaining,Livestock Feed,Wyoming,1677.6959480277894,1067.6755752638683,0,0,2.5442259051841303,287475.51276004186,536140.1091656453,248664.59640560352
Rescue,Strengthen Food Rescue,Donation Coordination & Matching,Alabama,4838.807402894493,13145.908756599023,0,8064679.004824156,18.000363538767502,2163676.5950269154,24182884.386436637,22019207.79140972
Rescue,Strengthen Food Rescue,Donation Coordination & Matching,Alaska,591.6837104958961,1542.5524160230311,0,986139.5174931602,2.201063403044722,258493.21023055149,2950976.1886619884,2692482.9784314367
Rescue,Strengthen Food Rescue,Donation Coordination & Matching,Arizona,8164.490711742952,20766.88264847676,0,13607484.519571587,30.37190544768377,3572381.4117138567,40725258.665180065,37152877.253466204
Rescue,Strengthen Food Rescue,Donation Coordination & Matching,Arkansas,3163.514771313448,8427.655154902093,0,5272524.618855746,11.768274949286011,1396633.4133133509,15792347.749675758,14395714.336362408
Rescue,Strengthen Food Rescue,Donation Coordination & Matching,California,35248.35788430844,86624.34162,0,58747263.14051407,131.12389132962738,15818723.581872849,176217940.15252787,160399216.57065502
Rescue,Strengthen Food Rescue,Donation Coordination & Matching,Colorado,6847.380479082743,17585.507582200684,0,11412300.798471238,25.472255382187786,3018357.279126305,34177665.976880044,31159308.69775374
Rescue,Strengthen Food Rescue,Donation Coordination & Matching,Connecticut,3590.419813661194,8603.483319505525,0,5984033.022768657,13.356361706819627,1577498.6738280992,17915863.347757693,16338364.673929596
Rescue,Strengthen Food Rescue,Donation Coordination & Matching,Delaware,941.5363980373922,2452.1574267539827,0,1569227.3300623205,3.5025154006990875,412523.7364887266,4697026.893022572,4284503.156533845
Rescue,Strengthen Food Rescue,Donation Coordination & Matching,Florida,24679.83782502766,64787.17034257339,0,41133063.04171277,91.80899670910289,10875055.086761523,123181752.18789153,112306697.10113001
Rescue,Strengthen Food Rescue,Donation Coordination & Matching,Georgia,11198.435899053451,30177.47736612008,0,18664059.831755754,41.65818154447883,5015315.794887568,55974295.243530154,50958979.44864259
Rescue,Strengthen Food Rescue,Donation Coordination & Matching,Hawaii,1264.5185543546313,3271.965805732318,0,2107530.9239243856,4.704009022199215,577591.7619585063,6331839.551976358,5754247.790017852
Rescue,Strengthen Food Rescue,Donation Coordination & Matching,Idaho,1437.6606595969797,3811.238693913297,0,2396101.099,5.3480976537007505,643421.5839157796,7185560.206392235,6542138.622476456
Rescue,Strengthen Food Rescue,Donation Coordination & Matching,Illinois,12079.954788863184,32134.21244,0,20133257.98143864,44.93743181457103,5398090.642409489,60368460.91333658,54970370.270927094
Rescue,Strengthen Food Rescue,Donation Coordination & Matching,Indiana,6963.186112983707,18303.37660039072,0,11605310.188306179,25.903052340299375,3080600.173,34766887.54650961,31686287.373275295
Rescue,Strengthen Food Rescue,Donation Coordination & Matching,Iowa,3017.3559945536454,7975.519554571068,0,5028926.6575894095,11.224564299739546,1324684.5933957703,15055296.930846792,13730612.33745102
Rescue,Strengthen Food Rescue,Donation Coordination & Matching,Kansas,2995.7139162312046,7996.142326068743,0,4992856.527052008,11.144055768380063,1334339.4383063433,14966468.538062321,13632129.099755976
Rescue,Strengthen Food Rescue,Donation Coordination & Matching,Kentucky,4790.126680510726,12805.206151721657,0,7983544.467517878,17.819271251499888,2129793.4130603727,23927477.41723217,21797684.004171796
Rescue,Strengthen Food Rescue,Donation Coordination & Matching,Louisiana,4434.444814666458,11935.61231025365,0,7390741.358,16.496134710559208,1964695.249907429,22143833.141461395,20179137.891553964
Rescue,Strengthen Food Rescue,Donation Coordination & Matching,Maine,1463.261493179301,3607.5691654244642,0,2438769.155298835,5.443332754626987,628803.0127916124,7287439.364428611,6658636.351636998
Rescue,Strengthen Food Rescue,Donation Coordination & Matching,Maryland,6007.160780634385,14857.185647624814,0,10011934.634390643,22.3466381,2677830.327258264,30013682.005519345,27335851.67826108
Rescue,Strengthen Food Rescue,Donation Coordination & Matching,Massachusetts,7853.913467629701,18648.926611692426,0,13089855.779382836,29.216558099582475,3456887.730099441,39196469.45,35739581.72338946
Rescue,Strengthen Food Rescue,Donation Coordination & Matching,Michigan,9331.196623569042,24321.80127412447,0,15551994.372615071,34.71205143967682,4133863.872876028,46595888.14645251,42462024.273576476
Rescue,Strengthen Food Rescue,Donation Coordination & Matching,Minnesota,4854.841781202086,12613.022820793129,0,8091402.968670144,18.060011426071746,2159717.316441193,24251890.25780703,22092172.941365838
Rescue,Strengthen Food Rescue,Donation Coordination & Matching,Mississippi,2754.4006013931753,7501.171022678415,0,4590667.6689886255,10.246370237182598,1228511.9735995086,13762534.126781423,12534022.153181914
Rescue,Strengthen Food Rescue,Donation Coordination & Matching,Missouri,6001.061412631916,16278.190885847662,0,10001769.021053193,22.32394845499071,2684204.0889841667,29992300.32251266,27308096.233528495
Rescue,Strengthen Food Rescue,Donation Coordination & Matching,Montana,845.8092635016417,2268.7421830784538,0,1409682.1058360694,3.146410460226094,379503.35430568334,4228395.937590001,3848892.583284318
Rescue,Strengthen Food Rescue,Donation Coordination & Matching,Nebraska,1979.9533117797528,5257.229719598834,0,3299922.1862995885,7.365426319820666,883096.1055,9892961.503960432,9009865.399
Rescue,Strengthen Food Rescue,Donation Coordination & Matching,Nevada,3811.789637002615,10182.749356998433,0,6352982.728337692,14.179857449649713,1714135.0941471306,19059852.971675333,17345717.88
Rescue,Strengthen Food Rescue,Donation Coordination & Matching,New Hampshire,1814.1678269312633,4431.780313634664,0,3023613.0448854393,6.748704316184288,778582.3223327028,9034033.515904566,8255451.193571864
Rescue,Strengthen Food Rescue,Donation Coordination & Matching,New Jersey,8376.397130645002,20441.87618,0,13960661.884408338,31.16019733,3700535.6599676586,41817702.47522685,38117166.81525919
Rescue,Strengthen Food Rescue,Donation Coordination & Matching,New Mexico,2154.922654592553,5556.389672857485,0,3591537.7576542557,8.016312275084283,947399.6211247852,10753470.777729625,9806071.157
Rescue,Strengthen Food Rescue,Donation Coordination & Matching,New York,14847.405376444405,37132.02252204827,0,24745675.627407346,55.23234800037318,6666939.311776867,74230716.27708042,67563776.96530354
Rescue,Strengthen Food Rescue,Donation Coordination & Matching,North Carolina,11092.656606755283,29379.034177317604,0,18487761.011258807,41.26468257712964,4914482.809115912,55392108.894583024,50477626.085467115
Rescue,Strengthen Food Rescue,Donation Coordination & Matching,North Dakota,742.3588744519651,1954.3751472369886,0,1237264.7907532754,2.761575012961297,329690.2160504188,3707827.213728166,3378136.997677747
Rescue,Strengthen Food Rescue,Donation Coordination & Matching,Ohio,12006.10803209691,32245.932681675018,0,20010180.053494852,44.66272187940049,5366172.907,60000500.23433103,54634327.32758003
Rescue,Strengthen Food Rescue,Donation Coordination & Matching,Oklahoma,3954.745637783559,10785.254458873564,0,6591242.729639265,14.711653772554822,1780684.8350500523,19776930.33728627,17996245.502236217
Rescue,Strengthen Food Rescue,Donation Coordination & Matching,Oregon,3699.501921,9046.835008409573,0,6165836.535427317,13.762147147073755,1645174.3999656518,18479922.04,16834747.64466465
Rescue,Strengthen Food Rescue,Donation Coordination & Matching,Pennsylvania,11507.609101535802,30195.018388046257,0,19179348.50255967,42.808305857713165,5089762.911193414,57455648.73617207,52365885.82497866
Rescue,Strengthen Food Rescue,Donation Coordination & Matching,Rhode Island,1006.694560933404,2452.549437711994,0,1677824.2682223401,3.744903767,447906.7545,5028915.022415226,4581008.267949433
Rescue,Strengthen Food Rescue,Donation Coordination & Matching,South Carolina,5349.758096301186,14325.356099470591,0,8916263.493835311,19.901100118240397,2371986.614834514,26716298.208176266,24344311.593341753
Rescue,Strengthen Food Rescue,Donation Coordination & Matching,South Dakota,842.0563918037589,2222.2116081695262,0,1403427.3196729315,3.132449777509969,373809.55631361913,4205624.530416643,3831814.974103024
Rescue,Strengthen Food Rescue,Donation Coordination & Matching,Tennessee,7475.467839939361,20084.271093478397,0,12459113.066565601,27.808740364574405,3332697.507087745,37350145.60951941,34017448.10243166
Rescue,Strengthen Food Rescue,Donation Coordination & Matching,Texas,27033.357024910925,74143.62987735675,0,45055595.04151821,100.56408813266863,12323411.715389682,135339902.36447173,123016490.64908205
Rescue,Strengthen Food Rescue,Donation Coordination & Matching,Utah,2905.8577974825293,7585.842510441434,0,4843096.329137549,10.809791006634992,1304268.0691008205,14527502.91,13223234.84435058
Rescue,Strengthen Food Rescue,Donation Coordination & Matching,Vermont,535.5419022,1299.8607315580837,0,892569.8369280801,1.9922158760234658,232644.58751392525,2669651.7760092868,2437007.1884953617
Rescue,Strengthen Food Rescue,Donation Coordination & Matching,Virginia,9605.420815477291,25221.128434795428,0,16009034.692462152,35.73216543357551,4267087.004623417,47976980.63118286,43709893.626559444
Rescue,Strengthen Food Rescue,Donation Coordination & Matching,Washington,6558.593913881125,15939.107623350032,0,10930989.856468543,24.397969359637774,2906732.214263598,32751904.833210368,29845172.61894677
Rescue,Strengthen Food Rescue,Donation Coordination & Matching,West Virginia,1683.3473841993803,4499.181699896007,0,2805578.9736656337,6.262052269221682,745627.5357630111,8405774.500000507,7660146.964237494
Rescue,Strengthen Food Rescue,Donation Coordination & Matching,Wisconsin,4919.397812583351,13018.002288317324,0,8198996.354305585,18.30015986281005,2179741.323397278,24565679.350003444,22385938.026606165
Rescue,Strengthen Food Rescue,Donation Coordination & Matching,Wyoming,607.5448682738694,1578.5321945208652,0,1012574.780456449,2.2600669099787836,266528.0009235719,3031187.881605057,2764659.8806814854
Rescue,Strengthen Food Rescue,Donation Storage Handling & Capacity,Alabama,5084.163647299518,11148.204897974505,0,8473606.079,18.913088767954193,6194164.887591955,25164247.48144545,18970082.593853496
Rescue,Strengthen Food Rescue,Donation Storage Handling & Capacity,Alaska,507.913065,1309.715455497516,0,846521.7749874834,1.8894366017720523,624835.2941906109,2524880.3184765154,1900045.0242859046
Rescue,Strengthen Food Rescue,Donation Storage Handling & Capacity,Arizona,22351.058940858413,17615.33040124574,0,37251764.90143069,83.14593925999327,26158276.238816284,109088772.41689737,82930496.17808107
Rescue,Strengthen Food Rescue,Donation Storage Handling & Capacity,Arkansas,3880.582515779995,8434.735600349124,0,6467637.526299993,14.435766958701567,4705639.023889873,19191000.280704986,14485361.256815111
Rescue,Strengthen Food Rescue,Donation Storage Handling & Capacity,California,138751.09020349372,84268.16034252816,0,231251817.00582287,516.1540555569966,161628084.30995336,675991504.3094854,514363420
Rescue,Strengthen Food Rescue,Donation Storage Handling & Capacity,Colorado,7386.875513652925,13928.23899609607,0,12311459.189421544,27.47917691078887,8957802.415,36512544.23027705,27554741.815221235
Rescue,Strengthen Food Rescue,Donation Storage Handling & Capacity,Connecticut,2906.2558587132767,6395.3547647936075,0,4843759.764522129,10.811271794413374,3581403.1571917534,14449057.457646858,10867654.300455105
Rescue,Strengthen Food Rescue,Donation Storage Handling & Capacity,Delaware,1520.5331702666176,2253.268403265402,0,2534221.950444363,5.656383393391807,1809241.8836937456,7465896.659,5656654.774954114
Rescue,Strengthen Food Rescue,Donation Storage Handling & Capacity,Florida,33335.265622401006,49488.90932,0,55558776.037335016,124.00718811533174,39922601.46981435,164018777.72771576,124096176.25790142
Rescue,Strengthen Food Rescue,Donation Storage Handling & Capacity,Georgia,17772.35773031587,26943.438816123777,0,29620596.217193116,66.11317075677502,21218212.120503735,87333705.77726384,66115493.66
Rescue,Strengthen Food Rescue,Donation Storage Handling & Capacity,Hawaii,1040.7450771660274,2386.8741197868094,0,1734575.1286100459,3.871571687057609,1294038.947826533,5184714.779919868,3890675.8320933357
Rescue,Strengthen Food Rescue,Donation Storage Handling & Capacity,Idaho,10497.039439419756,4681.2977635205325,0,17495065.73236626,39.04898671464148,12146027.834849816,51029572.09460828,38883544.25975846
Rescue,Strengthen Food Rescue,Donation Storage Handling & Capacity,Illinois,13319.311275686017,27249.431166601535,0,22198852.126143362,49.54783794555197,16267631.113711957,66017085.430807285,49749454.31709533
Rescue,Strengthen Food Rescue,Donation Storage Handling & Capacity,Indiana,8434.324422,15355.663806508712,0,14057207.370611284,31.375686851204367,10208133.849690318,41670040.32562471,31461906.47593439
Rescue,Strengthen Food Rescue,Donation Storage Handling & Capacity,Iowa,3997.477442899713,10142.229319541255,0,6662462.404832856,14.870616087586919,4877467.349906076,19834020.43601172,14956553.086105645
Rescue,Strengthen Food Rescue,Donation Storage Handling & Capacity,Kansas,2944.103172064806,7710.031224101822,0,4906838.620108011,10.952063800081065,3622773.141,14634472.055345844,11011698.914478324
Rescue,Strengthen Food Rescue,Donation Storage Handling & Capacity,Kentucky,4035.2418940685766,10220.74974512069,0,6725403.156780961,15.011099845935089,4993515.996042367,20092249.07960706,15098733.083564693
Rescue,Strengthen Food Rescue,Donation Storage Handling & Capacity,Louisiana,4730.358442758302,9568.792482067942,0,7883930.737930504,17.59693340706087,5765128.506024823,23427885.050241537,17662756.544216715
Rescue,Strengthen Food Rescue,Donation Storage Handling & Capacity,Maine,2948.789876556785,3018.4570995022555,0,4914649.794261308,10.969498340791228,3473063.3826750596,14428761.635089193,10955698.252414132
Rescue,Strengthen Food Rescue,Donation Storage Handling & Capacity,Maryland,5572.665718,11173.070677553558,0,9287776.196678733,20.730316470986914,6829825.410616632,27639860.565503668,20810035.154887035
Rescue,Strengthen Food Rescue,Donation Storage Handling & Capacity,Massachusetts,7547.455949139619,14186.453616535884,0,12579093.248566033,28.07653613079937,9206123.668057349,37384619.87727458,28178496.20921723
Rescue,Strengthen Food Rescue,Donation Storage Handling & Capacity,Michigan,19252.482269399927,20308.325624965106,0,32087470.44899988,71.61923404216772,22753982.124835026,94289730.63,71535748.50986448
Rescue,Strengthen Food Rescue,Donation Storage Handling & Capacity,Minnesota,7074.339705547745,12136.36999669436,0,11790566.17591291,26.3165437,8529551.567,34911681.16846799,26382129.601106644
Rescue,Strengthen Food Rescue,Donation Storage Handling & Capacity,Mississippi,4056.7451316353972,6643.719391718821,0,6761241.886058996,15.091091889683666,4857884.960228719,19958293.73038463,15100408.77015591
Rescue,Strengthen Food Rescue,Donation Storage Handling & Capacity,Missouri,6154.190333108121,13964.744176244978,0,10256983.888513537,22.893588039162196,7547530.036072888,30546541.08997553,22999011.053902637
Rescue,Strengthen Food Rescue,Donation Storage Handling & Capacity,Montana,924.5870340306035,1690.641383630279,0,1540978.3900510059,3.4394637665938332,1123358.0640106618,4570969.747224628,3447611.683213966
Rescue,Strengthen Food Rescue,Donation Storage Handling & Capacity,Nebraska,2894.032435071904,6710.405879213098,0,4823387.391786506,10.765800658467468,3498948.8357413895,14298511.326161709,10799562.49042032
Rescue,Strengthen Food Rescue,Donation Storage Handling & Capacity,Nevada,2987.5784527187825,7165.033492640194,0,4979297.421,11.113791844113855,3707578.5102659916,14877830.24756182,11170251.737295827
Rescue,Strengthen Food Rescue,Donation Storage Handling & Capacity,New Hampshire,1457.3044324373438,3250.062961890631,0,2428840.7207289063,5.421172488666907,1784186.8583796807,7233013.107032958,5448826.248653278
Rescue,Strengthen Food Rescue,Donation Storage Handling & Capacity,New Jersey,8816.272070349793,16016.562319595561,0,14693786.783916323,32.79653210170121,10718321.636495095,43618047.30983397,32899725.67333888
Rescue,Strengthen Food Rescue,Donation Storage Handling & Capacity,New Mexico,2169.6277692456065,4248.625073439657,0,3616046.2820760114,8.071015301593643,2639343.6461953786,10736976.790677585,8097633.144482207
Rescue,Strengthen Food Rescue,Donation Storage Handling & Capacity,New York,21360.087225862622,29292.262564877637,0,35600145.37643771,79.45952448020894,25619691.533418693,105130005.30657406,79510313.77315536
Rescue,Strengthen Food Rescue,Donation Storage Handling & Capacity,North Carolina,19538.41993474603,25225.38577960029,0,32564033.22457672,72.68292215725522,23202925.93446755,95849002.13965102,72646076.20518348
Rescue,Strengthen Food Rescue,Donation Storage Handling & Capacity,North Dakota,2479.0659284340145,2047.8302488811723,0,4131776.5473900246,9.222125253774523,2909790.919934706,12116455.000324432,9206664.080389725
Rescue,Strengthen Food Rescue,Donation Storage Handling & Capacity,Ohio,11433.159876060718,25536.61572821177,0,19055266.460101195,42.53135473894585,14052706.020540595,56782675.93076492,42729969.91022433
Rescue,Strengthen Food Rescue,Donation Storage Handling & Capacity,Oklahoma,4020.452712529852,8719.410368,0,6700754.520883087,14.956084090611032,4918139.003721027,19925789.054494496,15007650.05077347
Rescue,Strengthen Food Rescue,Donation Storage Handling & Capacity,Oregon,9659.664801818404,8651.456098127266,0,16099441.336364008,35.93395306276445,11359541.029025711,47227834.70750147,35868293.67847576
Rescue,Strengthen Food Rescue,Donation Storage Handling & Capacity,Pennsylvania,13550.797401433138,25124.07389692387,0,22584662.335721895,50.40896633333126,16408257.152610729,66954208.10620495,50545950.953594215
Rescue,Strengthen Food Rescue,Donation Storage Handling & Capacity,Rhode Island,798.8414338000287,1877.0983482228187,0,1331402.3896667145,2.9716901337360953,989668.7630719515,3977861.931736694,2988193.1686647427
Rescue,Strengthen Food Rescue,Donation Storage Handling & Capacity,South Carolina,5859.0708939793285,11286.779056804855,0,9765118.156632215,21.79574372560309,7102480.058974957,28951136.243197095,21848656.184222136
Rescue,Strengthen Food Rescue,Donation Storage Handling & Capacity,South Dakota,740.1806333357997,2086.697683,0,1233634.3888929996,2.7534719560091636,914370.2854765845,3683916.7240156126,2769546.438539028
Rescue,Strengthen Food Rescue,Donation Storage Handling & Capacity,Tennessee,6394.661037546403,15804.551595173562,0,10657768.395910673,23.788139059672606,7909094.7391909985,31831359.677985094,23922264.938794095
Rescue,Strengthen Food Rescue,Donation Storage Handling & Capacity,Texas,25437.55653363052,56634.89292431285,0,42395927.55605087,94.62771030510552,31342628.494374562,126344752.02268024,95002123.52830568
Rescue,Strengthen Food Rescue,Donation Storage Handling & Capacity,Utah,2681.6594731734344,6181.981296244634,0,4469432.455289057,9.97577324,3307094.7962943665,13333181.915344141,10026087.119049774
Rescue,Strengthen Food Rescue,Donation Storage Handling & Capacity,Vermont,645.6385243878926,1150.1906994688493,0,1076064.2073131544,2.401775310722952,780776.3758383481,3190717.781850556,2409941.406012208
Rescue,Strengthen Food Rescue,Donation Storage Handling & Capacity,Virginia,8753.511227286992,19249.97802665171,0,14589185.378811654,32.56306177,10736146.096716294,43433612.63466823,32697466.53795194
Rescue,Strengthen Food Rescue,Donation Storage Handling & Capacity,Washington,43223.379330528245,17520.567284917382,0,72038965.55088042,160.79097110956508,49978572,210055425.81888828,160076853.81951055
Rescue,Strengthen Food Rescue,Donation Storage Handling & Capacity,West Virginia,1691.8462462600085,3208.2696743069473,0,2819743.743766681,6.293668036,2055570.871,8365009.176101887,6309438.305267696
Rescue,Strengthen Food Rescue,Donation Storage Handling & Capacity,Wisconsin,11742.145218818172,13944.385357888008,0,19570242.03136362,43.68078021400358,13896531.120948413,57562422.37868341,43665891.26
Rescue,Strengthen Food Rescue,Donation Storage Handling & Capacity,Wyoming,448.98223575503187,1144.1657423951096,0,748303.7262583864,1.670213917008709,555898.9473091777,2235863.399227642,1679964.4519184644
Rescue,Strengthen Food Rescue,Donation Transportation,Alabama,13512.517718544688,31766.129151938305,0,22520862.86424115,50.26656591298623,9716559.156727266,67090386.60085795,57373827.44413068
Rescue,Strengthen Food Rescue,Donation Transportation,Alaska,1390.1544186508916,3665.725343,0,2316924.0310848197,5.171374437381303,1011105.4008690441,6924175.624965423,5913070.224096378
Rescue,Strengthen Food Rescue,Donation Transportation,Arizona,50980.710405977676,49538.91100614684,0,84967850.67662947,189.64824271023696,34008102.53368376,249436931.75016242,215428829.21647868
Rescue,Strengthen Food Rescue,Donation Transportation,Arkansas,9908.814442,22838.268224702588,0,16514690.736982899,36.86078972494581,7051901.329,49133793.99461765,42081892.665347956
Rescue,Strengthen Food Rescue,Donation Transportation,California,309335.28335604595,232438.3990219843,0,515558805.59340996,1150.727254084491,204336480.1275762,1510350449.9058921,1306013969.7783163
Rescue,Strengthen Food Rescue,Donation Transportation,Colorado,19330.19180255381,40156.19822748228,0,32216986.337589685,71.90831350550016,13778566.145716611,95836623.80107597,82058057.65535936
Rescue,Strengthen Food Rescue,Donation Transportation,Connecticut,8110.440952254272,18560.907310754457,0,13517401.587090455,30.170840342385876,5920900.752418843,40410098.381799325,34489197.62938048
Rescue,Strengthen Food Rescue,Donation Transportation,Delaware,3692.484643000888,6198.983537916894,0,6154141.071668147,13.736042871963292,2545306.8473647456,18185914.46640579,15640607.619041046
Rescue,Strengthen Food Rescue,Donation Transportation,Florida,83552.52408281463,143427.92053786077,0,139254206.80469108,310.81538958807045,58339189.45700311,412470288.4,354131098.90921485
Rescue,Strengthen Food Rescue,Donation Transportation,Georgia,43745.18259580487,75895.72803,0,72908637.66,162.73207925639412,30397976.160785932,215702612.78322485,185304636.6224389
Rescue,Strengthen Food Rescue,Donation Transportation,Hawaii,2988.034187843308,7303.190495606452,0,4980056.979738846,11.115487178777089,2218754.339461965,14923096.208358798,12704341.868896833
Rescue,Strengthen Food Rescue,Donation Transportation,Idaho,22628.214180194376,12246.538279761142,0,37713690.30032396,84.17695675032307,14694991.311009163,110144366.02051975,95449374.70951058
Rescue,Strengthen Food Rescue,Donation Transportation,Illinois,35016.67046815121,77780.85171565297,0,58361117.446918696,130.2620141415225,25243861.51935432,174028998.32793987,148785136.80858555
Rescue,Strengthen Food Rescue,Donation Transportation,Indiana,21616.48811,43581.02005280102,0,36027480.18,80.41333575287776,15350951.032012962,107110242.67197667,91759291.64
Rescue,Strengthen Food Rescue,Donation Transportation,Iowa,10032.029814640706,25998.565327483582,0,16720049.691067843,37.319150910463414,7189545.536880455,49865624.85625764,42676079.319377184
Rescue,Strengthen Food Rescue,Donation Transportation,Kansas,7921.481874794549,21215.04355843532,0,13202469.791324249,29.467912574235708,5772546.170433706,39462914.95458793,33690368.78415423
Rescue,Strengthen Food Rescue,Donation Transportation,Kentucky,11257.333977321168,29517.429688045027,0,18762223.29553528,41.87728239563473,8273999.927240826,56164537.75417194,47890537.82693111
Rescue,Strengthen Food Rescue,Donation Transportation,Louisiana,12451.224191258703,27481.363517998983,0,20752040.318764508,46.31855399148236,8943296.958103655,61836406.57199107,52893109.613887414
Rescue,Strengthen Food Rescue,Donation Transportation,Maine,6897.852125423927,8356.757898657575,0,11496420.20903988,25.660009906576995,4656676.481607365,33840061.88930257,29183385.407695204
Rescue,Strengthen Food Rescue,Donation Transportation,Maryland,15208.41110485294,32763.773704694915,0,25347351.841421567,56.57528931005292,11034512.609205378,75648039.97485839,64613527.365653016
Rescue,Strengthen Food Rescue,Donation Transportation,Massachusetts,20232.950045133195,41056.00711295211,0,33721583.40855533,75.26657416789547,14553509.132234076,100499490.02841096,85945980.89617687
Rescue,Strengthen Food Rescue,Donation Transportation,Michigan,45456.42334268936,57863.14938812586,0,75760705.57114895,169.0978948348044,30948820.852919314,223289075.88975823,192340255.03683892
Rescue,Strengthen Food Rescue,Donation Transportation,Minnesota,17595.51116338296,33396.17388439951,0,29325851.938971598,65.45530152778458,12406122.097972993,87077954.95693602,74671832.85896301
Rescue,Strengthen Food Rescue,Donation Transportation,Mississippi,10086.047329180483,18667.47099263269,0,16810078.881967474,37.52009606455138,7043653.3798735775,49788186.04477673,42744532.66490315
Rescue,Strengthen Food Rescue,Donation Transportation,Missouri,16448.691604408134,39683.49615981512,0,27414486.00734689,61.189132768398245,11935570.11,81852532.46876325,69916962.35593204
Rescue,Strengthen Food Rescue,Donation Transportation,Montana,2441.943988121618,5025.380218532012,0,4069906.6468693637,9.084031635812405,1749451.277916913,12113170.169702556,10363718.891785644
Rescue,Strengthen Food Rescue,Donation Transportation,Nebraska,7204.441607616052,17370.733988316857,0,12007402.679360088,26.800522780331697,5101033.698,35689664.415759675,30588630.718209054
Rescue,Strengthen Food Rescue,Donation Transportation,Nevada,8579.585796036425,21743.154928421805,0,14299309.66006071,31.916059161255486,6344069.834705242,42825588.98640041,36481519.15169517
Rescue,Strengthen Food Rescue,Donation Transportation,New Hampshire,3994.2251323949413,9329.143605,0,6657041.887324902,14.858517492509169,2880332.424136338,19864146.091193024,16983813.667056687
Rescue,Strengthen Food Rescue,Donation Transportation,New Jersey,23226.496705877147,46067.34720265352,0,38710827.843128584,86.40256774586298,16623574.743388811,115250080.62839612,98626505.89
Rescue,Strengthen Food Rescue,Donation Transportation,New Mexico,5751.283819195447,12336.106569954776,0,9585473.031992411,21.394775807407047,4119007.5953476815,28543453.208425783,24424445.61
Rescue,Strengthen Food Rescue,Donation Transportation,New York,53512.20529479448,85161.35765545188,0,89187008.82465747,199.06540369663546,37504608.98364575,264298768.4608249,226794159.47717914
Rescue,Strengthen Food Rescue,Donation Transportation,North Carolina,47103.94998906805,71231.98776005223,0,78506583.31511344,175.22669395933315,32379831.535001997,231812664.41507536,199432832.88007334
Rescue,Strengthen Food Rescue,Donation Transportation,North Dakota,5581.983721895239,5518.773685934701,0,9303306.203,20.76497944545027,3737023.7028076714,27340176.08980102,23603152.386993352
Rescue,Strengthen Food Rescue,Donation Transportation,Ohio,31069.731826616015,74234.55188368456,0,51782886.377693355,115.57940239501156,22627827.442632858,154700658.29613408,132072830.85350125
Rescue,Strengthen Food Rescue,Donation Transportation,Oklahoma,10818.263995341355,25329.288457613395,0,18030439.99223559,40.243942062669824,7832481.879651626,53781114.05,45948632.16896857
Rescue,Strengthen Food Rescue,Donation Transportation,Oregon,22246.458541031145,23782.83806820358,0,37077430.90171857,82.75682577263585,14985805.467431154,109055441.8586643,94069636.39123315
Rescue,Strengthen Food Rescue,Donation Transportation,Pennsylvania,34914.61546106397,71319.72074177543,0,58191025.76843996,129.8823695,24819293.038754646,173026007.4,148206714.39812133
Rescue,Strengthen Food Rescue,Donation Transportation,Rhode Island,2265.285226626386,5481.417904966496,0,3775475.3777106437,8.426861043050142,1668481.8125019623,11303624.453021616,9635142.640519654
Rescue,Strengthen Food Rescue,Donation Transportation,South Carolina,15344.406994951361,32617.591377015968,0,25574011.65825227,57.081194021219055,10939547.523611693,76063226.56893824,65123679.045326546
Rescue,Strengthen Food Rescue,Donation Transportation,South Dakota,2040.206306704714,5770.920880715875,0,3400343.8445078568,7.589567460941521,1495248.8617442334,10174619.794757638,8679370.933013404
Rescue,Strengthen Food Rescue,Donation Transportation,Tennessee,17808.639529646563,45920.790929329974,0,29681065.882744275,66.24813905,13083985.999526031,88835017.29126413,75751031.29
Rescue,Strengthen Food Rescue,Donation Transportation,Texas,70374.75795192718,169207.45091943035,0,117291263.25321199,261.7940995811691,51573669.21407785,350590720.32821923,299017051.1141414
Rescue,Strengthen Food Rescue,Donation Transportation,Utah,7366.657279110918,17962.77495804174,0,12277762.131851532,27.40396508,5393455.014060008,36716008.67232808,31322553.65826807
Rescue,Strengthen Food Rescue,Donation Transportation,Vermont,1637.5226719991763,3159.331408,0,2729204.4533319604,6.091584339836924,1158551.2548027206,8112714.053910104,6954162.799107383
Rescue,Strengthen Food Rescue,Donation Transportation,Virginia,23928.360772108164,56308.97733715837,0,39880601.28684694,89.01350207224235,17372092.368297122,119051903.81697571,101679811.44867858
Rescue,Strengthen Food Rescue,Donation Transportation,Washington,93445.96692937556,46532.131042175264,0,155743278.21562594,347.61899697727705,60630651.75045341,454742113.73147297,394111461.9810196
Rescue,Strengthen Food Rescue,Donation Transportation,West Virginia,4510.731394578512,9539.763603191193,0,7517885.657630852,16.779920787832047,3229164.544783299,22375120.78148418,19145956.23670088
Rescue,Strengthen Food Rescue,Donation Transportation,Wisconsin,27263.76919496964,37303.159930651076,0,45439615.324949406,101.42122140528706,18564041.455458544,133989621.27289163,115425579.81743307
Rescue,Strengthen Food Rescue,Donation Transportation,Wyoming,1281.998655080277,3363.228334743542,0,2136664.4251337955,4.769034996898619,941963.5513539333,6395795.267538543,5453831.716
Rescue,Strengthen Food Rescue,Donation Value-Added Processing,Alabama,1309.7787371776058,174.88756033539056,0,2182964.5619626762,4.872376902300693,122987.46192119716,6343526.641001071,6220539.1790798735
Rescue,Strengthen Food Rescue,Donation Value-Added Processing,Alaska,8.128440019737347,0.8527740113700981,0,13547.400032895579,0.030237797,763.2557920129249,39367.699559770146,38604.44376775722
Rescue,Strengthen Food Rescue,Donation Value-Added Processing,Arizona,20889.494168154855,2794.551989427021,0,34815823.613591425,77.70891830553607,1961511.3573267907,101172098.01273333,99210586.65540653
Rescue,Strengthen Food Rescue,Donation Value-Added Processing,Arkansas,923.8332884660579,122.46261092914287,0,1539722.1474434298,3.436659833093735,86747.40867422312,4474313.799,4387566.390201718
Rescue,Strengthen Food Rescue,Donation Value-Added Processing,California,139867.3919107996,18398.92372315748,0,233112319.8513327,520.3066979081746,13133466.78211806,677406421.1069748,664272954.3248568
Rescue,Strengthen Food Rescue,Donation Value-Added Processing,Colorado,1819.3317562152497,204.7404850037523,0,3032219.593692083,6.767914133,170834.19415687662,8811396.258607721,8640562.064450845
Rescue,Strengthen Food Rescue,Donation Value-Added Processing,Connecticut,191.39275465862286,22.75311585353435,0,318987.9244310381,0.7119810473300769,17971.668387512185,926954.3042726334,908982.6358851212
Rescue,Strengthen Food Rescue,Donation Value-Added Processing,Delaware,930.5649422663578,119.13398477468056,0,1550941.5704439296,3.461701585230851,87379.50705231642,4506916.576740709,4419537.069688393
Rescue,Strengthen Food Rescue,Donation Value-Added Processing,Florida,18151.37627004648,2415.132619425007,0,30252293.78,67.52311972,1704403.6786244996,87910832.31965844,86206428.64103393
Rescue,Strengthen Food Rescue,Donation Value-Added Processing,Georgia,9890.445872123602,1296.9770477857965,0,16484076.453539338,36.79245864,928707.1171292951,47901454.726919696,46972747.60979041
Rescue,Strengthen Food Rescue,Donation Value-Added Processing,Hawaii,90.69158944597072,10.372108640431458,0,151152.64907661788,0.3373727127390109,8515.887521272762,439237.93953545875,430722.052
Rescue,Strengthen Food Rescue,Donation Value-Added Processing,Idaho,7705.173366,815.4578588685135,0,12841955.610745767,28.66324492318455,723511.2994,37317732.48122558,36594221.181871146
Rescue,Strengthen Food Rescue,Donation Value-Added Processing,Illinois,2512.1222321244595,328.2067219687068,0,4186870.3868740997,9.345094704,235886.81705931906,12166722.403260166,11930835.586200848
Rescue,Strengthen Food Rescue,Donation Value-Added Processing,Indiana,2814.1240476786434,375.6346383116803,0,4690206.746131073,10.468541457364555,264244.6119572874,13629379.040003903,13365134.428046616
Rescue,Strengthen Food Rescue,Donation Value-Added Processing,Iowa,25.009588591138296,2.837627077242535,0,41682.64765189716,0.09303567,2348.3858282395836,121126.5590173109,118778.17318907131
Rescue,Strengthen Food Rescue,Donation Value-Added Processing,Kansas,82.38754562862354,8.64347373,0,137312.5760477059,0.3064816697384795,7736.142634759575,399019.75482367026,391283.6121889107
Rescue,Strengthen Food Rescue,Donation Value-Added Processing,Louisiana,1053.5355049242526,138.32968824556744,0,1755892.5082070879,3.9191520783182203,98926.37139133128,5102488.193638525,5003561.822247194
Rescue,Strengthen Food Rescue,Donation Value-Added Processing,Maine,1730.560412751448,235.2524349745321,0,2884267.354585747,6.437684735435387,162498.61661690666,8381458.463592406,8218959.846975499
Rescue,Strengthen Food Rescue,Donation Value-Added Processing,Maryland,1167.238842362293,148.2313675511557,0,1945398.070603822,4.342128493587731,109603.04867012713,5653176.741051658,5543573.692381532
Rescue,Strengthen Food Rescue,Donation Value-Added Processing,Massachusetts,1748.0730720613856,209.2620877969767,0,2913455.1201023096,6.502831828068354,164143.04514432428,8466275.858877623,8302132.813733298
Rescue,Strengthen Food Rescue,Donation Value-Added Processing,Michigan,14020.653181420028,1665.8172914850018,0,23367755.30236671,52.156829834882515,1316531.1821872888,67904894.51083069,66588363.328643404
Rescue,Strengthen Food Rescue,Donation Value-Added Processing,Minnesota,1971.383705325918,252.3616352,0,3285639.5088765305,7.333547383812416,185111.7837760127,9547814.985390633,9362703.201614622
Rescue,Strengthen Food Rescue,Donation Value-Added Processing,Mississippi,2230.884227,294.58843958695263,0,3718140.377743816,8.298889323124197,209478.73185549758,10804629.15,10595150.418877803
Rescue,Strengthen Food Rescue,Donation Value-Added Processing,Missouri,763.0096697724973,95.94480943,0,1271682.782954162,2.838395972,71646.16438106481,3695412.0800381717,3623765.915657107
Rescue,Strengthen Food Rescue,Donation Value-Added Processing,Montana,231.94173124890528,24.389897690640197,0,386569.5520815089,0.8628232402459277,21779.193714337394,1123341.3015299465,1101562.107815609
Rescue,Strengthen Food Rescue,Donation Value-Added Processing,Nebraska,560.3978790750348,59.55346441519718,0,933996.4651250581,2.0846801101591295,52621.03503220536,2714121.6867921534,2661500.651759948
Rescue,Strengthen Food Rescue,Donation Value-Added Processing,Nevada,164.95938869303308,17.296497680909116,0,274932.3144883885,0.613648926,15489.59069158971,798932.0998693318,783442.5091777421
Rescue,Strengthen Food Rescue,Donation Value-Added Processing,New Hampshire,113.73949851808325,13.176804025116763,0,189565.83086347207,0.4231109344872696,10680.072783187945,550863.6829288566,540183.6101456686
Rescue,Strengthen Food Rescue,Donation Value-Added Processing,New Jersey,2550.2579771176574,308.9690682210193,0,4250429.961862762,9.486959674877685,239467.74134222054,12351421.625710567,12111953.884368347
Rescue,Strengthen Food Rescue,Donation Value-Added Processing,New Mexico,424.4975842520889,47.57953640800926,0,707495.9737534816,1.5791310134177712,39860.07636018342,2055928.7292648868,2016068.652904703
Rescue,Strengthen Food Rescue,Donation Value-Added Processing,New York,11741.08424,1397.3625441156503,0,19568473.735393003,43.67683337739719,1102480.984035664,56864475.32276415,55761994.33872849
Rescue,Strengthen Food Rescue,Donation Value-Added Processing,North Carolina,13135.725959157873,1729.4682260452457,0,21892876.59859646,48.864900568067284,1233437.0305097909,63619010.757775195,62385573.73
Rescue,Strengthen Food Rescue,Donation Value-Added Processing,North Dakota,1335.0962732418593,144.66960773687893,0,2225160.4554030993,4.966558136459716,125364.76383812292,6466144.652692247,6340779.888854123
Rescue,Strengthen Food Rescue,Donation Value-Added Processing,Ohio,1440.9236058410133,176.3963235143263,0,2401539.343068356,5.360235814,135301.88884162297,6978688.095820218,6843386.206978595
Rescue,Strengthen Food Rescue,Donation Value-Added Processing,Oklahoma,1000.5146296490905,134.66006850911185,0,1667524.3827484841,3.721914422294617,93947.74202910467,4845697.237051498,4751749.495022394
Rescue,Strengthen Food Rescue,Donation Value-Added Processing,Oregon,6954.939256747471,808.9818589,0,11591565.427912451,25.87237403510059,653064.7526365216,33684195.05480127,33031130.302164752
Rescue,Strengthen Food Rescue,Donation Value-Added Processing,Pennsylvania,4537.476271352141,562.8433767223553,0,7562460.452253569,16.879411729429965,426066.3838,21975926.76779686,21549860.383986272
Rescue,Strengthen Food Rescue,Donation Value-Added Processing,Rhode Island,21.714339839045458,2.4154043078933998,0,36190.56639840911,0.080777344,2038.9638862616584,105166.99450897981,103128.03062271816
Rescue,Strengthen Food Rescue,Donation Value-Added Processing,South Carolina,2033.0019622603945,256.75647288967593,0,3388336.6037673242,7.562767299608668,190897.70227756782,9846244.821927901,9655347.119650332
Rescue,Strengthen Food Rescue,Donation Value-Added Processing,Tennessee,139.29746015390697,17.79763197292634,0,232162.43358984496,0.5181865517725337,13079.950521501738,674646.1248975619,661566.1743760601
Rescue,Strengthen Food Rescue,Donation Value-Added Processing,Texas,4716.713847444502,607.9607537737479,0,7861189.7457408365,17.546175512493544,442896.6879976942,22844011.05313227,22401114.365134574
Rescue,Strengthen Food Rescue,Donation Value-Added Processing,Utah,226.2131199469908,25.727309690923143,0,377021.86657831795,0.8415128062028057,21241.28044367784,1095596.4638881767,1074355.1834444988
Rescue,Strengthen Food Rescue,Donation Value-Added Processing,Vermont,166.94279579338283,18.948219578100673,0,278237.9929889714,0.6210272003513841,15675.83146516811,808538.1466189768,792862.3151538088
Rescue,Strengthen Food Rescue,Donation Value-Added Processing,Virginia,1519.0740662971946,182.08196976777072,0,2531790.1104953242,5.650955526625564,142640.17164211348,7357186.779482282,7214546.607840168
Rescue,Strengthen Food Rescue,Donation Value-Added Processing,Washington,44463.613786660426,5072.186580583731,0,74106022.97776738,165.4046432863768,4175107.4836117104,215346386.83985302,211171279.35624132
Rescue,Strengthen Food Rescue,Donation Value-Added Processing,West Virginia,598.6614536176714,67.88091944818768,0,997769.0893627859,2.227020607457738,56213.962435479654,2899440.0139274583,2843226.0514919786
Rescue,Strengthen Food Rescue,Donation Value-Added Processing,Wisconsin,7004.918043189371,827.9850916137823,0,11674863.405315619,26.05829512066446,657757.7316259624,33926252.55220903,33268494.820583064